year,With all four specialists,With functional Laboratory,With functional O.T.,With functional Labor Room,With functioning Stabilization Units for New Born,With New Born Care Corner,With at least 30 beds
2010,39.52095808,100,100,100,0,0,73.05389222
2011,0,100,100,100,0,0,43.41637011
2012,59.43060498,100,100,100,0,0,43.41637011
2013,59.43,100,100,100,28.08219178,82.19178082,100
2014,100,100,100,100,28.08219178,82.19178082,100
