year,With all four specialists,With functional Laboratory,With functional O.T.,With functional Labor Room,With functioning Stabilization Units for New Born,With New Born Care Corner,With at least 30 beds
2010,0,79.16666667,77.08333333,95.83333333,0,16.66666667,0
2011,0,79.16666667,77.08333333,95.83333333,0,16.66666667,0
2012,0,79.16666667,77.08333333,95.83333333,0,16.66666667,0
2013,0,79.62962963,55.55555556,85.18518519,0,64.81481481,7.407407407
2014,0,82.69230769,57.69230769,88.46153846,0,67.30769231,7.692307692
