year,With all four specialists,With functional Laboratory,With functional O.T.,With functional Labor Room,With functioning Stabilization Units for New Born,With New Born Care Corner,With at least 30 beds
2010,39.81481481,100,93.51851852,100,77.77777778,100,84.25925926
2011,25.92592593,100,93.51851852,100,77.77777778,100,93.51851852
2012,2.752293578,99.08256881,93.5,99.08256881,77.06422018,99.08256881,92.66055046
2013,2.727272727,100,30,100,49.09090909,100,91.81818182
2014,2.649006623,84.76821192,19.86754967,78.80794702,39.07284768,70.1986755,56.29139073
