year,With all four specialists,With functional Laboratory,With functional O.T.,With functional Labor Room,With functioning Stabilization Units for New Born,With New Born Care Corner,With at least 30 beds
2010,9.090909091,97.2027972,96.5034965,90.90909091,0,100.6993007,39.16083916
2011,7.432432432,93.24324324,91.89189189,93.24324324,12.83783784,19.59459459,68.91891892
2012,8.724832215,83.22147651,80.53691275,84.56375839,22.14765101,44.96644295,64.4295302
2013,10.82802548,91.71974522,80.25477707,90.44585987,6.369426752,81.52866242,80.25477707
2014,3.184713376,94.9044586,77.70700637,92.3566879,6.369426752,86.62420382,77.70700637
