year,With all four specialists,With functional Laboratory,With functional O.T.,With functional Labor Room,With functioning Stabilization Units for New Born,With New Born Care Corner,With at least 30 beds
2010,100,96.89655172,96.89655172,96.89655172,48.19,1.64,88.96551724
2011,100,92.13114754,92.13114754,95.40983607,48.19672131,1.639344262,95.40983607
2012,100,100,95.91194969,95.91194969,42.45,45.28,100
2013,27.04402516,100,95.91194969,95.91194969,42.45283019,45.28301887,100
2014,28.66666667,106,101.6666667,101.6666667,45,48,106
