year,With all four specialists,With functional Laboratory,With functional O.T.,With functional Labor Room,With functioning Stabilization Units for New Born,With New Born Care Corner,With at least 30 beds
2010,0,94.52054795,94.52054795,95.89041096,0,32.87671233,32.87671233
2011,0,98.68421053,98.68421053,100,15.78947368,31.57894737,31.57894737
2012,0,98.68421053,98.68421053,100,15.78947368,31.57894737,31.57894737
2013,1.282051282,96.15384615,96.15384615,97.43589744,15.38461538,30.76923077,30.76923077
2014,0,100,96.15384615,97.43589744,15.38461538,82.05128205,30.76923077
