year,With all four specialists,With functional Laboratory,With functional O.T.,With functional Labor Room,With functioning Stabilization Units for New Born,With New Born Care Corner,With at least 30 beds
2010,12.19404631,92.45865491,86.96802646,93.64939361,16.33958104,56.86879824,71.84123484
2011,13.32917446,94.5102932,87.1283011,94.75982533,19.50509461,59.97088792,69.74422957
2012,18.41506311,95.69625491,80.6538382,93.79267536,19.51169046,65.71487689,71.48768881
2013,11.74089069,90.72681704,75.28436476,87.35299788,23.71312898,70.2332755,70.19471756
2014,15.36453478,93.3619243,82.21144882,92.18720865,33.52601156,78.50083908,72.55267574
