year,With all four specialists,With functional Laboratory,With functional O.T.,With functional Labor Room,With functioning Stabilization Units for New Born,With New Born Care Corner,With at least 30 beds
2010,0.53,100,100,100,100,0,0
2011,0.531914894,90.42553191,75.53191489,90.42553191,0,0,4.255319149
2012,2.659574468,90.42553191,75.53191489,90.42553191,0,90.42553191,4.255319149
2013,2.659574468,90.42553191,87.76595745,90.42553191,0,90.42553191,12.23404255
2014,9.042553191,90.42553191,87.76595745,90.42553191,10.63829787,90.42553191,19.68085106
