year,With all four specialists,With functional Laboratory,With functional O.T.,With functional Labor Room,With functioning Stabilization Units for New Born,With New Born Care Corner,With at least 30 beds
2010,48.05194805,100,80.51948052,98.7012987,7.792207792,51.94805195,75.32467532
2011,36.14457831,100,77.10843373,100,57.8313253,73.4939759,69.87951807
2012,32.14285714,100,83.33333333,100,80.95238095,73.80952381,69.04761905
2013,35.71428571,100,83.33333333,100,89.28571429,83.33333333,71.42857143
2014,35.71428571,100,83.33333333,100,89.28571429,83.33333333,72.61904762
