year,With all four specialists,With functional Laboratory,With functional O.T.,With functional Labor Room,With functioning Stabilization Units for New Born,With New Born Care Corner,With at least 30 beds
2010,0.615384615,78.15384615,78.15384615,78.15384615,25.55,37.53846154,78.15384615
2011,1.111111111,100,86.66666667,86.66666667,25.55555556,86.66666667,86.66666667
2012,1.111111111,100,86.66666667,86.66666667,25.55555556,86.66666667,86.66666667
2013,1.063829787,100,82.9787234,82.9787234,24.46808511,82.9787234,82.9787234
2014,12.95336788,100,100,100,75.12953368,100,100
