year,With all four specialists,With functional Laboratory,With functional O.T.,With functional Labor Room,With functioning Stabilization Units for New Born,With New Born Care Corner,With at least 30 beds
2010,0,57.93991416,45.49356223,35.19313305,3.862660944,0,32.61802575
2011,0,64.28571429,47.32142857,36.60714286,4.017857143,7.142857143,33.92857143
2012,2.764976959,81.10599078,48.84792627,37.78801843,0,0,40.0921659
2013,2.727272727,80,48.18181818,37.27272727,3.636363636,3.636363636,39.54545455
2014,3.125,78.57142857,47.32142857,36.60714286,3.571428571,3.571428571,38.83928571
