year,With all four specialists,With functional Laboratory,With functional O.T.,With functional Labor Room,With functioning Stabilization Units for New Born,With New Born Care Corner,With at least 30 beds
2010,24.65753425,96.71232877,87.67123288,100,41.09589041,49.04109589,100
2011,27.67123288,100,90.4109589,100,47.39726027,60.82191781,100
2012,4.958677686,100,86.50137741,100,100,100,100
2013,22.99168975,100,80.33240997,80.33240997,47.36842105,80.33240997,80.33240997
2014,35.27777778,100,89.44444444,100,46.11111111,100,100
