year,With all four specialists,With functional Laboratory,With functional O.T.,With functional Labor Room,With functioning Stabilization Units for New Born,With New Born Care Corner,With at least 30 beds
2010,0,100,93.75,100,0,75,43.75
2011,0,87.5,43.75,100,0,75,43.75
2012,0,87.5,0,93.75,0,87.5,43.75
2013,0,88.23529412,0,94.11764706,0,88.23529412,41.17647059
2014,0,94.11764706,0,94.11764706,0,88.23529412,35.29411765
