year,With all four specialists,With functional Laboratory,With functional O.T.,With functional Labor Room,With functioning Stabilization Units for New Born,With New Born Care Corner,With at least 30 beds
2010,0,100,20.68965517,100,10.34482759,41.37931034,100
2011,0,100,20.68965517,100,10.34482759,41.37931034,100
2012,0,100,20.68965517,100,10.34482759,41.37931034,100
2013,0,77.77777778,11.11111111,77.77777778,7.407407407,62.96296296,70.37037037
2014,0,77.77777778,11.11111111,77.77777778,7.407407407,62.96296296,70.37037037
