year,With all four specialists,With functional Laboratory,With functional O.T.,With functional Labor Room,With functioning Stabilization Units for New Born,With New Born Care Corner,With at least 30 beds
2010,0,100,100,100,0,100,111.1111111
2011,0,100,100,100,22.22222222,100,100
2012,100,100,100,100,22.22222222,100,100
2013,0,100,100,100,66.66666667,100,100
2014,0,100,100,100,66.66666667,100,100
