year,With all four specialists,With functional Laboratory,With functional O.T.,With functional Labor Room,With functioning Stabilization Units for New Born,With New Born Care Corner,With at least 30 beds
2010,0,87.98798799,56.75675676,99.3993994,5.105105105,92.49249249,65.76576577
2011,0,92.49249249,83.78378378,99.3993994,5.105105105,92.49249249,82.58258258
2012,0,96.6966967,89.78978979,99.3993994,12.31231231,99.3993994,99.3993994
2013,0,96.996997,91.59159159,100,12.31231231,99.3993994,100
2014,1.19760479,96.70658683,91.31736527,100,17.36526946,96.70658683,100
