year,With all four specialists,With functional Laboratory,With functional O.T.,With functional Labor Room,With functioning Stabilization Units for New Born,With New Born Care Corner,With at least 30 beds
2010,0,100,100,100,1.298701299,52.81385281,22.94372294
2011,13.52785146,100,77.4535809,100,1.061007958,54.11140584,15.91511936
2012,9.549071618,100,78.24933687,100,1.061007958,54.11140584,15.91511936
2013,9.283819629,100,79.84084881,100,7.161803714,84.08488064,15.91511936
2014,3.183023873,100,81.96286472,100,7.161803714,84.8806366,15.91511936
