year,With all four specialists,With functional Laboratory,With functional O.T.,With functional Labor Room,With functioning Stabilization Units for New Born,With New Born Care Corner,With at least 30 beds
2010,17.05426357,96.12403101,95.34883721,96.12403101,88.37209302,46.51162791,62.79069767
2011,21.70542636,96.12403101,95.34883721,96.12403101,88.37209302,51.9379845,62.79069767
2012,24.24242424,96.21212121,95.45454545,96.21212121,0,86.36363636,66.66666667
2013,21.12676056,91.54929577,90.84507042,90.84507042,0,80.28169014,61.97183099
2014,16,93.33333333,92,94,13.33333333,72,100
