year,With all four specialists,With functional Laboratory,With functional O.T.,With functional Labor Room,With functioning Stabilization Units for New Born,With New Born Care Corner,With at least 30 beds
2010,20.10869565,98.36956522,81.52173913,98.36956522,23.91304348,44.83695652,87.77173913
2011,24.46808511,100,100,100,27.92553191,62.23404255,100
2012,8.638743455,98.95287958,39.26701571,100,27.48691099,31.67539267,100
2013,7.656612529,87.70301624,34.80278422,88.63109049,24.36194896,28.07424594,88.63109049
2014,8.289241623,93.82716049,72.48677249,93.47442681,42.50440917,66.13756614,70.19400353
