year,With all four specialists,With functional Laboratory,With functional O.T.,With functional Labor Room,With functioning Stabilization Units for New Born,With New Born Care Corner,With at least 30 beds
2010,0,100,100,100,0,100,100
2011,0,100,77.92207792,100,0,100,58.44155844
2012,0,100,82.33766234,100,0,100,60
2013,0,100,82.33766234,100,10.90909091,100,61.03896104
2014,0,100,90.64935065,100,10.90909091,100,76.88311688
