year,With all four specialists,With functional Laboratory,With functional O.T.,With functional Labor Room,With functioning Stabilization Units for New Born,With New Born Care Corner,With at least 30 beds
2010,0,81.81818182,18.18181818,100,0,54.54545455,100
2011,0,100,27.27272727,100,0,45.45454545,100
2012,0,100,27.27,100,0,45.45,100
2013,0,100,27.77777778,100,27.77777778,77.77777778,94.44444444
2014,0,100,100,100,0,100,94.44444444
