year,With all four specialists,With functional Laboratory,With functional O.T.,With functional Labor Room,With functioning Stabilization Units for New Born,With New Born Care Corner,With at least 30 beds
2010,35.33980583,100,100,100,10.48543689,100,100
2011,35.33980583,100,100,100,10.48543689,100,100
2012,35.33980583,100,100,100,10.48543689,100,100
2013,23.54463131,69.72833118,65.84734799,62.74256145,16.81759379,57.69728331,60.80206986
2014,10.99611902,80.59508409,80.59508409,81.24191462,46.31306598,74.25614489,72.05692109
