year,With all four specialists,With functional Laboratory,With functional O.T.,With functional Labor Room,With functioning Stabilization Units for New Born,With New Born Care Corner,With at least 30 beds
2010,3.636363636,96.36363636,80,80,27.27272727,49.09090909,49.09090909
2011,18.18181818,74.54545455,80,80,27.27272727,49.09090909,49.09090909
2012,16.94915254,69.49152542,89.83050847,80,25.42372881,72.88135593,66.10169492
2013,18.18181818,74.54545455,96.36363636,100,27.27272727,78.18181818,70.90909091
2014,3.389830508,93.22033898,98.30508475,98.30508475,27.11864407,89.83050847,74.57627119
