year,With all four specialists,With functional Laboratory,With functional O.T.,With functional Labor Room,With functioning Stabilization Units for New Born,With New Born Care Corner,With at least 30 beds
2010,0,100,99.71264368,99.71264368,0,95.97701149,74.13793103
2011,22.70114943,100,99.71264368,99.71264368,0,95.97701149,74.13793103
2012,0,100,99.71264368,99.71264368,0,95.97701149,74.13793103
2013,16.42651297,88.18443804,87.8962536,100,52.73775216,95.10086455,97.6945245
2014,8.933717579,91.06628242,88.18443804,97.11815562,69.74063401,95.10086455,75.7925072
