year,With Labour Room,With Operation Theatre,With 4-6 Beds, Without Electric Supply,Without Regular Water Supply,Without AllWeather Motorable Approach Road,With Telephone,With Computer,With 24 Hrs. Delivery Facility
2006,50.23128481,35.71698291,62.34777683,6.079486453,7.882563957,10.45501746,31.45945436,8.552817899,17.02687465
2007,50.37583186,44.39603581,60.93263753,5.68774836,7.885287499,10.46584,36.28572796,9.718963949,19.29291009
2008,46.4788132,39.5941683,46.53423139,9.207946116,13.34299599,6.927274277,30.9148265,22.31648052,25.02
2009,56.69702022,36.37296396,55.65815912,7.690992262,11.15813775,6.057885512,40.27189945,25.65516652,26.84
2010,64.53789358,36.17924128,59.57311381,13.25638632,11.58872953,6.466943902,50.62378002,42.23457524,0
2011,65.72329689,38.39781329,62.36333053,8.074011775,12.48528175,6.61059714,52.15306981,46.40033642,0
2012,65.93567251,34.35254804,66.97994987,8.015873016,10.65162907,5.772765246,53.14954052,48.27067669,0
2013,70.27513921,39.13363904,71.16360956,3.582541762,6.63691451,5.318539142,53.99606944,53.5743531,0
2014,68.94484412,36.67865707,72.35811351,5.035971223,7.537969624,8.113509193,52.62989608,54.87609912,0
